ID Produk,Nama Produk,Harga,Penjualan,Nama Toko,Komisi hingga,Komisi,Link Produk,Link Komisi Ekstra
19278153081,AM Madinah - Cyra Dress set Raya Series (Inner + Outer),"299,0RB",50,AM Madinah Official Shop,10%,Rp29.900,https://shopee.co.id/product/212979595/19278153081,https://s.shopee.co.id/4LGJ25we5s
24971945500,AM Madinah - Abaya rawdah oneset (inner + outer + belt) | raya series | umroh,"295,0RB",15,AM Madinah Official Shop,10%,Rp29.500,https://shopee.co.id/product/212979595/24971945500,https://s.shopee.co.id/4VZjEOw0kv
27254942684,AM Madinah - AL AQSA Palestine scarves ultrafine gift hardbox | printed scarf,"208,0RB",72,AM Madinah Official Shop,10%,Rp20.800,https://shopee.co.id/product/212979595/27254942684,https://s.shopee.co.id/40dSdTxulq
28127992136,AM Madinah - Dyn kemeja basic bahan cotton adem | for daily work,"152,0RB",33,AM Madinah Official Shop,10%,Rp15.200,https://shopee.co.id/product/212979595/28127992136,https://s.shopee.co.id/4AwspmxHQt
20143927597,AM Madinah - Dreamy Pillowcase sarung bantal healthy skin,"129,0RB",113,AM Madinah Official Shop,10%,Rp12.900,https://shopee.co.id/product/212979595/20143927597,https://s.shopee.co.id/10zr3y9KrI
21443921697,AM Madinah - Vanya payet dress,"346,5RB",19,AM Madinah Official Shop,10%,Rp34.650,https://shopee.co.id/product/212979595/21443921697,https://s.shopee.co.id/1BJHGH8hWL
24170033021,AM Madinah - Zahwa scarves ultrafine gift hardbox | printed scarf,"208,0RB",74,AM Madinah Official Shop,10%,Rp20.800,https://shopee.co.id/product/212979595/24170033021,https://s.shopee.co.id/gN0fMAbXG
19477556260,AM Madinah - Medina Dress Set Raya Series,"297,0RB",33,AM Madinah Official Shop,10%,Rp29.700,https://shopee.co.id/product/212979595/19477556260,https://s.shopee.co.id/qgQrf9yCJ
47804077871,Amanaya Black Beauty Dress Jetblack Woolpeach | Gamis Hitam Premium Woolpeach Busui Friendly Zipper Depan Wudhu Friendly Elegant Muslimah,"350,0RB",40,Amanaya Official Store,10%,Rp35.000,https://shopee.co.id/product/812026323/47804077871,https://s.shopee.co.id/LkAGkBsDE
45905866775,Zysa - Saffa Gamis Dress Wanita Muslim Model Flowly Lengan Lose Ruffle Bahan Royal Peach,"275,0RB",3,Zysa Official Store,10%,Rp27.500,https://shopee.co.id/product/855245999/45905866775,https://s.shopee.co.id/W3aT3BEsH
27553660647,Jamise | Dania Dress - Gamis Vest Tali Casual Korean Style,"235,9RB",10RB+,Jamise Syari Official Shop,7%,Rp16.513,https://shopee.co.id/product/102357917/27553660647,https://s.shopee.co.id/17Js8D8tC
44130158118,Amanaya Feminine Dress Material Tencel Touch | Gamis Flowly Busui Friendly Cutting Lengan Balon Elegant Muslimah,"375,0RB",0,Amanaya Official Store,10%,Rp37.500,https://shopee.co.id/product/812026323/44130158118,https://s.shopee.co.id/BQk4RCVYF
27577973224,Amanaya Queena Dress | Gamis Set Khimar Wanita Premium 2 Bahan Zafeera Anti UV Marbella Silk Busui Friendly Wudhu Friendly Saku Elegant Muslimah,"225,0RB",32,Amanaya Official Store,10%,Rp22.500,https://shopee.co.id/product/812026323/27577973224,https://s.shopee.co.id/2LVEeQ4G9g
51609129512,Amanaya Denim Dress Material Belucci Denim | Gamis Dengan Two Tone Busui Friendly Wudhu Friendly Manset Lipat Elegan Mewah Dan Klasik,"385,0RB",2,Amanaya Official Store,10%,Rp38.500,https://shopee.co.id/product/812026323/51609129512,https://s.shopee.co.id/2Voeqj3coj
42679115304,Amanaya Zayna Dress | Gamis Set Khimar Wanita Premium Bahan Flowly Hokaido Busui Wudhu Friendly Aksesoris Gold Mewah Elegant Muslimah,"237,5RB",2,Amanaya Official Store,10%,Rp23.750,https://shopee.co.id/product/812026323/42679115304,https://s.shopee.co.id/20sOFo5Wpe
56259131595,Amanaya Khiban Jetblack Material Fortaleza | Khimar Bandana Instant Karet & Kancing Adjustable Di Ujung Bandana  Bonus Free Cadar Tali,"255,0RB",0,Amanaya Official Store,10%,Rp25.500,https://shopee.co.id/product/812026323/56259131595,https://s.shopee.co.id/2BBoS74tUh
27639214231,Le Khari Amanaya Dress Bahan Premium Brown Silk Gamis Busui Gamis Homedress Size S-XL,"203,0RB",134,Le Khari Official Shop,1%,Rp2.030,https://shopee.co.id/product/19774079/27639214231,https://s.shopee.co.id/1gFXrC6nVc
57556893455,Amanaya Malay Dress | Gamis Dress Wanita Premium Two Tone 2 Warna Kombinasi Sabrina Busui Friendly Wudhu Friendly One Set Elegant Muslimah,"185,3RB",0,Amanaya Official Store,10%,Rp18.525,https://shopee.co.id/product/812026323/57556893455,https://s.shopee.co.id/1qYy3V6AAf
46056296777,Amanaya Ruby Dress | Gamis Dress Wanita Premium Sarmala Softer Super Flowy Ringan Adem Busui Friendly Wudhu Friendly Hidden Pocket Elegant Ruby Series,"205,0RB",6,Amanaya Official Store,10%,Rp20.500,https://shopee.co.id/product/812026323/46056296777,https://s.shopee.co.id/1LchSa84Ba
54653139726,Amanaya Classy Dress Material Semi Wool | Gamis kualitas Semi Wool Ringan Mewah Busui Friendly Elegant Muslimah,"465,0RB",11,Amanaya Official Store,10%,Rp46.500,https://shopee.co.id/product/812026323/54653139726,https://s.shopee.co.id/1Vw7et7Qqd
46156430204,Amanaya Defect Sale Minor Gamis Abaya -  Reject Sale Dress,"150,0RB",27,Amanaya Official Store,10%,Rp15.000,https://shopee.co.id/product/812026323/46156430204,https://s.shopee.co.id/9028afesd6
45705859321,Amanaya Belle Dress | Gamis Set Khimar Wanita Premium Two Tone New Fortaleza Busui Wudhu Friendly Hidden Pocket Free Cadar Effect Langsing Elegant Muslimah,"213,8RB",3,Amanaya Official Store,10%,Rp21.375,https://shopee.co.id/product/812026323/45705859321,https://s.shopee.co.id/9ALYmyeFI9
24955251016,Amanaya Abaya Line Lady Zara | Gamis Busui Friendly Wudhu Friendly Kancing Lengan Loop Jari Tali Pinggang Adjustable,"160,0RB",189,Amanaya Official Store,10%,Rp16.000,https://shopee.co.id/product/812026323/24955251016,https://s.shopee.co.id/8fPIC3g9J4
24601962084,Amanaya Simply Dress | Gamis Dress Wanita Premium Simple Bahan Shakila Busui Friendly Wudhu Friendly Kancing Lengan Loop Jari Saku Elegant Muslimah,"200,0RB",798,Amanaya Official Store,10%,Rp20.000,https://shopee.co.id/product/812026323/24601962084,https://s.shopee.co.id/8piiOMfVy7
58154304197,Amanaya Zippy Dress Material Button Check | Gamis Wanita Detail Motif Emboss Kotak Mewah Elegan Tidak Mudah Lecek,"375,0RB",17,Amanaya Official Store,10%,Rp37.500,https://shopee.co.id/product/812026323/58154304197,https://s.shopee.co.id/8KmRnRhPz2
29565452737,Amanaya Nuha Dress Material Bybloss Twill | Gamis Dress Wanita Premium Simple Busui Friendly Wudhu Friendly Kancing Lengan Loop Jari Saku Elegant Muslimah,"230,0RB",47,Amanaya Official Store,10%,Rp23.000,https://shopee.co.id/product/812026323/29565452737,https://s.shopee.co.id/8V5rzkgme5
20689990370,Amanaya Mecca Dress Material Pretty Woman Dan Amadeus (Salur Silk),"299,0RB",36,Amanaya Official Store,10%,Rp29.900,https://shopee.co.id/product/812026323/20689990370,https://s.shopee.co.id/809bOpigf0
28236027930,Amanaya Abaya Line 2.0 | Gamis Dress Wanita Ity Crepe Premium Busui Friendly Tali Pinggang Bisa Dilepas Pasang,"185,3RB",13,Amanaya Official Store,12%,Rp22.230,https://shopee.co.id/product/812026323/28236027930,https://s.shopee.co.id/8AT1b8i3K3
47656296733,Amanaya Lana Dress Material Barenia | Gamis Wanita Wudhu Friendly Tidak Menerawang Kerah Dress V Neck,"299,3RB",1,Amanaya Official Store,10%,Rp29.925,https://shopee.co.id/product/812026323/47656296733,https://s.shopee.co.id/AKXWB7ZnvU
18972023234,Amanaya Khimar Qiana Material Crinkle Airflow | Khimar Hijab Instant Soft Pet Aksen Tali Dan Kancing Free Cadar,"145,0RB",20,Amanaya Official Store,10%,Rp14.500,https://shopee.co.id/product/812026323/18972023234,https://s.shopee.co.id/AUqwNQZAaX
23035025859,Amanaya Safar Dress | Gamis Safar Wanita Premium Nyaman Travel Friendly Pretty Jasmine Busui Wudhu Friendly Zipper Aman Saku Anti Maling,"245,0RB",26,Amanaya Official Store,10%,Rp24.500,https://shopee.co.id/product/812026323/23035025859,https://s.shopee.co.id/9zufmVb4bS
48454307463,Amanaya Monic Vest Material Rib Knit Premium | Rompi Outer Dengan Tali Disisi Kanan Dan Kiri Fleksibel,"159,0RB",0,Amanaya Official Store,10%,Rp15.900,https://shopee.co.id/product/812026323/48454307463,https://s.shopee.co.id/AAE5yoaRGV
21779463311,Amanaya Pashmina Layyin Material El Amira | Hijab pashmina Bentuk Segitiga Oval Jahit Tepi Adem Tidak Menerawang,"145,0RB",10,Amanaya Official Store,10%,Rp14.500,https://shopee.co.id/product/812026323/21779463311,https://s.shopee.co.id/9fHpNtcLHQ
40158642023,Amanaya Adiba Dress Shakila Premium  | Gamis Nyaman Untuk Harian Busui Friendly Zipper Depan Wudhu Friendly Tali Pinggang Fleksibel,"245,0RB",5,Amanaya Official Store,10%,Rp24.500,https://shopee.co.id/product/812026323/40158642023,https://s.shopee.co.id/9pbFaCbhwT
22059264398,Amanaya Azure Dress Material Al Emira Anti UV | Gamis Cantik Elegant Busui Friendly Full Kancing Di Lengan,"355,0RB",10,Amanaya Official Store,10%,Rp35.500,https://shopee.co.id/product/812026323/22059264398,https://s.shopee.co.id/9KeyzHdbxO
22766911285,Amanaya Pashmina Haya Material Ceruti Baby Doll Armani | Cutting Khas Pashmina Malaysia Jahit Tepi Cantik Adem,"109,3RB",4,Amanaya Official Store,10%,Rp10.925,https://shopee.co.id/product/812026323/22766911285,https://s.shopee.co.id/9UyPBacycR
28777941139,Amanaya Aurora Dress | Gamis Dress Wanita Premium Adiba Twist Anti UV Busui Friendly Wudhu Friendly Zipper Depan List Gold Elegant Muslimah,"385,0RB",26,Amanaya Official Store,10%,Rp38.500,https://shopee.co.id/product/812026323/28777941139,https://s.shopee.co.id/6L1NPlp22q
24576902219,Amanaya Abaya Jamilah | Gamis Dress Wanita Premium Sophia Busui Friendly Zipper Depan Wudhu Friendly Flowy 2 Saku Elegant Muslimah,"237,5RB",51,Amanaya Official Store,10%,Rp23.750,https://shopee.co.id/product/812026323/24576902219,https://s.shopee.co.id/6VKnc4oOht
29371874247,Amanaya Misty Vest Material Misty Cotton Knit | Adjustable Tali Serut Di Lengan All Size,"159,0RB",3,Amanaya Official Store,10%,Rp15.900,https://shopee.co.id/product/812026323/29371874247,https://s.shopee.co.id/60OX19qIio
16892350007,Amanaya Pastan Sahla Material Crinkle Airflow Premium | Pasmina Instant Hijab Pet Antem Dengan Busa Tipis Lentur Tirus,"145,0RB",11,Amanaya Official Store,10%,Rp14.500,https://shopee.co.id/product/812026323/16892350007,https://s.shopee.co.id/6AhxDSpfNr
23852654931,Amanaya Syera Dress Material Pluto Knit | Gamis Cutting Batwing Wudhu Friendly  Sporty Busui Friendly,"345,0RB",4,Amanaya Official Store,10%,Rp34.500,https://shopee.co.id/product/812026323/23852654931,https://s.shopee.co.id/5flgcXrZOm
19088368644,Amanaya Raya Dress Material Inner Al Emira & Outer Al Zaira Dubai | Gamis Semi Outer Dengan Belt Mewah Busui Friendly Wudhu Friendly,"359,0RB",6,Amanaya Official Store,10%,Rp35.900,https://shopee.co.id/product/812026323/19088368644,https://s.shopee.co.id/5q56oqqw3p
22641406252,Amanaya Scarf Asahy Material Voal Ultrafine Tryspan,"185,0RB",10,Amanaya Official Store,10%,Rp18.500,https://shopee.co.id/product/812026323/22641406252,https://s.shopee.co.id/5L8qDvsq4k
27374822354,Amanaya Malika Dress Material Sophia Hitam & Al Zaira Dubai | Gamis Wanita Busui Friendly Lengan Cutting Lurus,"295,0RB",2,Amanaya Official Store,10%,Rp29.500,https://shopee.co.id/product/812026323/27374822354,https://s.shopee.co.id/5VSGQEsCjn
25915310003,Amanaya Zawj Gamis Pria Material Baby Corduroy | Model Kerah Sanghai Wudhu Friendly,"300,0RB",5,Amanaya Official Store,10%,Rp30.000,https://shopee.co.id/product/812026323/25915310003,https://s.shopee.co.id/7fWl0DjxLE
19788427357,Amanaya Pashmina Ayesha Material Ladylia | Pashimina Hijab Bentuk Oval Di Dua Sisi Jahit Tepi Elegant,"120,0RB",2,Amanaya Official Store,10%,Rp12.000,https://shopee.co.id/product/812026323/19788427357,https://s.shopee.co.id/7pqBCWjK0H
26329288720,AMANILLA - Larasati | Set Tunic Batik Premium Dobby Sutra Viscose | Elegan & Ekslusif,"415,0RB",1RB+,Amanilla Official Store,3%,Rp12.450,https://shopee.co.id/product/1495268800/26329288720,https://s.shopee.co.id/7KtubblE1C
53002092991,AMANILLA - Set Dobby Sutra Couple Pasangan Full Trikot Kondangan Pesta Mewah Elegan - Asri,"325,0RB",221,Amanilla Official Store,3%,Rp9.750,https://shopee.co.id/product/1495268800/53002092991,https://s.shopee.co.id/7VDKnukagF
47056189016,AMANILLA | Couple Batik Larasati Lebaran Premium | Set Kondangan Hari Raya Pasangan,"325,0RB",243,Amanilla Official Store,3%,Rp9.750,https://shopee.co.id/product/1495268800/47056189016,https://s.shopee.co.id/70H4CzmUhA
42958246578,AMANILLA - Set Tunik Batik Dobby Sutra Viscose - Lili,"415,0RB",648,Amanilla Official Store,3%,Rp12.450,https://shopee.co.id/product/1495268800/42958246578,https://s.shopee.co.id/7AaUPIlrMD
26579293572,AMANILLA - Hanum | Set Tunik Batik Premium Ekslusif | Dobby Sutra Viscose Motif Limited & Cutting Elegant,"415,0RB",227,Amanilla Official Store,3%,Rp12.450,https://shopee.co.id/product/1495268800/26579293572,https://s.shopee.co.id/6feDoNnlN8
41403034256,AMANILLA - Dahlia | Set Batik Premium Wanita Dewasa | Busui Friendly | Tampilan Anggun Berkelas,"425,0RB",52,Amanilla Official Store,3%,Rp12.750,https://shopee.co.id/product/1495268800/41403034256,https://s.shopee.co.id/6pxe0gn82B
46252109583,AMANILLA - Set Dobby Sutra Couple Pasangan Full Trikot Kondangan Pesta Mewah Elegan - Amarta,"325,0RB",15,Amanilla Official Store,3%,Rp9.750,https://shopee.co.id/product/1495268800/46252109583,https://s.shopee.co.id/3qK2RAyY7c
46659811115,Amanilla SET Tunik Batik Kombinasi Brukat + CELANA Panjang Wanita – 1 Set Outfit Elegant Casual (Full Set Siap Pakai) - Anggun,"415,0RB",0,Amanilla Official Store,3%,Rp12.450,https://shopee.co.id/product/1495268800/46659811115,https://s.shopee.co.id/3g0cErzBSb
27938142103,AMANILLA -  Raflesia | Set Batik Premium Wanita Elegan | Set Tunik Ekslusif Untuk Kerja & Acara,"415,0RB",106,Amanilla Official Store,3%,Rp12.450,https://shopee.co.id/product/1495268800/27938142103,https://s.shopee.co.id/3VhC2Yzona
26029382461,"AMANILLA - Sakura | Set Batik Premium Ekslusif | Dobby Sutra Viscose Nyaman, Elegan & Tidak Panas","415,0RB",17,Amanilla Official Store,3%,Rp12.450,https://shopee.co.id/product/1495268800/26029382461,https://s.shopee.co.id/3LNlqG0S8Z
28337150141,AMANILLA - Kirana | Set Batik Premium Busui Frindly | Bahan Adem Dobby Viscose | Nyaman & Berkelas,"425,0RB",15,Amanilla Official Store,3%,Rp12.750,https://shopee.co.id/product/1495268800/28337150141,https://s.shopee.co.id/3B4Ldx15TY
47702117585,AMANILLA - Set Dobby Sutra Couple Pasangan Full Trikot Kondangan Pesta Mewah Elegan - Seruni,"325,0RB",20,Amanilla Official Store,3%,Rp9.750,https://shopee.co.id/product/1495268800/47702117585,https://s.shopee.co.id/30kvRe1ioX
42480525304,AMANILLA - SET Tunik Batik Kombinasi Brukat + CELANA Panjang Wanita – 1 Set Outfit Elegant Casual (Full Set Siap Pakai),"415,0RB",1,Amanilla Official Store,3%,Rp12.450,https://shopee.co.id/product/1495268800/42480525304,https://s.shopee.co.id/2qRVFL2M9W
43867151842,AMANILLA - Zahira | Set Tunik Batik Selendang Premium Dobby Sutra Viscose | Anggun & Ekslusif,"475,0RB",42,Amanilla Official Store,3%,Rp14.250,https://shopee.co.id/product/1495268800/43867151842,https://s.shopee.co.id/2g85322zUV
42367234291,"AMANILLA - Jannah | Gamis Batik Premium 2 Layer | Desain Ekslusif, Tampilan Anggun Berkelas","475,0RB",21,Amanilla Official Store,3%,Rp14.250,https://shopee.co.id/product/1495268800/42367234291,https://s.shopee.co.id/5ApQ1ctTQ0
44276766113,AMANILLA - Set Dobby Sutra Couple Pasangan Full Trikot Kondangan Pesta Mewah Elegan - Aksara,"325,0RB",18,Amanilla Official Store,3%,Rp9.750,https://shopee.co.id/product/1495268800/44276766113,https://s.shopee.co.id/50VzpJu6kz
28829283993,AMANILLA - Dakara | Set Batik Premium Ekslusif | Motif Limited Cutting Elegan,"415,0RB",17,Amanilla Official Store,3%,Rp12.450,https://shopee.co.id/product/1495268800/28829283993,https://s.shopee.co.id/4qCZd0uk5y
41453048973,"AMANILLA - Sabira | Set Batik Premium Wanita | Busui Friendly | Anggun, Nyaman & Tidak Pasaran","425,0RB",94,Amanilla Official Store,3%,Rp12.750,https://shopee.co.id/product/1495268800/41453048973,https://s.shopee.co.id/4ft9QhvNQx
40367255248,AMANILLA - Set Batik Premium + Selendang | Dobby Viscose | Elegan & Eklusif,"475,0RB",7,Amanilla Official Store,3%,Rp14.250,https://shopee.co.id/product/1495268800/40367255248,https://s.shopee.co.id/4VZjEOw0lw
40053069162,AMANILLA - Set Batik Premium Wanita | Busui Friendly | Motif Limited & Cutting Elegan,"425,0RB",18,Amanilla Official Store,3%,Rp12.750,https://shopee.co.id/product/1495268800/40053069162,https://s.shopee.co.id/4LGJ25we6v
44102957861,AMANILLA - Shesa | Set Tunik Batik Premium + Selendang | Tampilan Anggun Berkelas untuk Acara,"427,0RB",50,Amanilla Official Store,3%,Rp12.810,https://shopee.co.id/product/1495268800/44102957861,https://s.shopee.co.id/4AwspmxHRu
29579302909,AMANILLA - Delisa | Set Tunik Batik Dobby Sutra Viscose Hight Quality dan Elegan,"415,0RB",7,Amanilla Official Store,3%,Rp12.450,https://shopee.co.id/product/1495268800/29579302909,https://s.shopee.co.id/40dSdTxumt
52102089298,AMANILLA - Set Dobby Sutra Couple Pasangan Full Trikot Kondangan Pesta Mewah Elegan - Wening,"325,0RB",3,Amanilla Official Store,3%,Rp9.750,https://shopee.co.id/product/1495268800/52102089298,https://s.shopee.co.id/1BJHGH8hXM
29291049316,AMANILLA - Hijra | Gamis Batik 2 Layer Premium Hight Quality bahan Dobby Sutra,"475,0RB",3,Amanilla Official Store,3%,Rp14.250,https://shopee.co.id/product/1495268800/29291049316,https://s.shopee.co.id/10zr3y9KsL
26829298278,AMANILLA - Kalya | Set Tunik Batik Dobby Sutra Viscose Premium dan Nyaman Dipakai Seharian,"415,0RB",8,Amanilla Official Store,3%,Rp12.450,https://shopee.co.id/product/1495268800/26829298278,https://s.shopee.co.id/qgQrf9yDK
28879288751,AMANILLA - Wimala | Set Tunik Batik Premium Wanita | Set Tunik Elegan Untuk Kerja & Acara Formal,"415,0RB",6,Amanilla Official Store,3%,Rp12.450,https://shopee.co.id/product/1495268800/28879288751,https://s.shopee.co.id/gN0fMAbYJ
29479276302,"AMANILLA - Mahkota | Set Tunik Batik Dobby Sutra Viscose Elegan, Adem dan Nyaman Dipakai","415,0RB",16,Amanilla Official Store,3%,Rp12.450,https://shopee.co.id/product/1495268800/29479276302,https://s.shopee.co.id/W3aT3BEtI
45352104095,AMANILLA - Set Dobby Sutra Couple Pasangan Full Trikot Kondangan Pesta Mewah Elegan - Tirtasari,"325,0RB",2,Amanilla Official Store,3%,Rp9.750,https://shopee.co.id/product/1495268800/45352104095,https://s.shopee.co.id/LkAGkBsEH
55050708844,AMANILLA - Himawari | Set Tunik Premium Batik Dobby Sutra Viscose - Anggun & Ekslusif,"415,0RB",9,Amanilla Official Store,3%,Rp12.450,https://shopee.co.id/product/1495268800/55050708844,https://s.shopee.co.id/BQk4RCVZG
42967245405,"AMANILLA - Aisyah | Gamis Batik 2 Layer Hight Quality Premium Bahan Dobby Sutra Adem, Jatuh & Nyaman Dipakai","475,0RB",15,Amanilla Official Store,3%,Rp14.250,https://shopee.co.id/product/1495268800/42967245405,https://s.shopee.co.id/17Js8D8uF
29291056102,AMANILLA - Fania | Set Tunic Batik Premium Dobby Sutra Viscose | Anggun & Ekslusif,"415,0RB",4,Amanilla Official Store,3%,Rp12.450,https://shopee.co.id/product/1495268800/29291056102,https://s.shopee.co.id/2Voeqj3cpk
27137165901,AMANILLA - Davina | Set Batik Busui Friendly Dobby Sutra Viscose Premium dan Elegan,"425,0RB",16,Amanilla Official Store,3%,Rp12.750,https://shopee.co.id/product/1495268800/27137165901,https://s.shopee.co.id/2LVEeQ4GAj
48252104546,AMANILLA - Set Dobby Sutra Couple Pasangan Full Trikot Kondangan Pesta Mewah Elegan - Aurelia,"325,0RB",8,Amanilla Official Store,3%,Rp9.750,https://shopee.co.id/product/1495268800/48252104546,https://s.shopee.co.id/2BBoS74tVi
27993507037,AMANILLA - Maya | Set Tunik Batik Premium Dobby Sutra Viscose - Elegant & Ekseklusif,"415,0RB",3,Amanilla Official Store,3%,Rp12.450,https://shopee.co.id/product/1495268800/27993507037,https://s.shopee.co.id/20sOFo5Wqh
43376116395,AMANILLA - One Set Blazer Batik - Celana Office - Kencana,"385,0RB",0,Amanilla Official Store,3%,Rp11.550,https://shopee.co.id/product/1495268800/43376116395,https://s.shopee.co.id/1qYy3V6ABg
44317239725,AMANILLA - Aisyah by amanilla Gamis 2 Layer Premium Dobby Sutra Hight Quality Elegant,"475,0RB",6,Amanilla Official Store,3%,Rp14.250,https://shopee.co.id/product/1495268800/44317239725,https://s.shopee.co.id/1gFXrC6nWf
40453044360,AMANILLA - Vinni | Set Batik Premium Busui Friendly | Dobby Viscose | Elegan & Nyaman Seharian,"425,0RB",2,Amanilla Official Store,3%,Rp12.750,https://shopee.co.id/product/1495268800/40453044360,https://s.shopee.co.id/1Vw7et7Qre
50702093724,AMANILLA - Set Dobby Sutra Couple Pasangan Full Trikot Kondangan Pesta Mewah Elegan - Kenes,"325,0RB",3,Amanilla Official Store,3%,Rp9.750,https://shopee.co.id/product/1495268800/50702093724,https://s.shopee.co.id/1LchSa84Cd
26329303028,AMANILLA - Jelita | Set Tunik Batik Premium Wanita Elegan | Dobby Sutra Viscose,"415,0RB",11,Amanilla Official Store,3%,Rp12.450,https://shopee.co.id/product/1495268800/26329303028,https://s.shopee.co.id/9ALYmyeFJA
41553044019,AMANILLA - Rayya |Set Batik Premium Wanita | Set Tunic Elegant untuk Kerja & Acara Formal Busui,"425,0RB",1,Amanilla Official Store,3%,Rp12.750,https://shopee.co.id/product/1495268800/41553044019,https://s.shopee.co.id/9028afese9
49650779099,AMANILLA - One Set Blazer Batik - Celana Office - Sekar,"385,0RB",0,Amanilla Official Store,3%,Rp11.550,https://shopee.co.id/product/1495268800/49650779099,https://s.shopee.co.id/8piiOMfVz8
41503045821,AMANILLA - Maira |Set Batik Busui Friendly | Dobby Viscose | Elegant Nyamman Seharian,"425,0RB",1,Amanilla Official Store,3%,Rp12.750,https://shopee.co.id/product/1495268800/41503045821,https://s.shopee.co.id/8fPIC3g9K7
26429298179,AMANILLA - Yasmin | Set Tunic Batik Premium Wanita | Set Tunik Ekslusif untuk Kerja & Acara,"415,0RB",13,Amanilla Official Store,3%,Rp12.450,https://shopee.co.id/product/1495268800/26429298179,https://s.shopee.co.id/8V5rzkgmf6
43467223657,AMANILLA - Al Haya | Gamis Batik Premium 2 Layer Ekslusif | Motif Limited & Potongan Elegant,"475,0RB",1,Amanilla Official Store,3%,Rp14.250,https://shopee.co.id/product/1495268800/43467223657,https://s.shopee.co.id/8KmRnRhQ05
41503039050,AMANILLA - Naraya | Set Batik Premium Busui Friendly | Dobby Viscose | Elegant & Nyaman Seharian,"425,0RB",1,Amanilla Official Store,3%,Rp12.750,https://shopee.co.id/product/1495268800/41503039050,https://s.shopee.co.id/8AT1b8i3L4
